-- Tabela roles
INSERT INTO roles (id, role_name, permissions) VALUES
  (1, 'Administrator', 'VIEW_TASKS,CREATE_TASKS,UPDATE_TASKS,DELETE_TASKS,MANAGE_USERS,MANAGE_TEAMS,MANAGE_PROJECTS,VIEW_REPORTS'),
  (2, 'Kierownik', 'VIEW_TASKS,UPDATE_TASKS,MANAGE_TEAMS,MANAGE_PROJECTS,VIEW_REPORTS'),
  (3, 'Team Lider', 'VIEW_TASKS,CREATE_TASKS,ASSIGN_TASKS,UPDATE_TASKS'),
  (4, 'Pracownik', 'VIEW_TASKS,UPDATE_OWN_TASKS');

-- Tabela groups
INSERT INTO groups (id, group_name) VALUES
  (1, 'Developerzy'),
  (2, 'Testerzy'),
  (3, 'Projektanci'),
  (4, 'Analitycy'),
  (5, 'Menedżerowie'),
  (6, 'DevOps'),
  (7, 'QA'),
  (8, 'Business Analyst'),
  (9, 'Wsparcie'),
  (10, 'HR'),
  (11, 'Właścicielowie');;

-- Tabela users
-- Hasło to: Haslo#12345
-- Administratorzy (3)
INSERT INTO users (id, name, last_name, email, password, password_hint, role_id, group_id) VALUES
  (1, 'Jan', 'Kowalski', 'jan.kowalski@firma.pl', '95b49eab894a32254b0990346390a167a45ec751e5e72da9f45abae5f7d9340d', 'podpowiedz1', 3, 5),
  (2, 'Anna', 'Nowak', 'anna.nowak@firma.pl', '95b49eab894a32254b0990346390a167a45ec751e5e72da9f45abae5f7d9340d', 'podpowiedz2', 3, 5),
  (3, 'Piotr', 'Wiśniewski', 'piotr.wisniewski@firma.pl', '95b49eab894a32254b0990346390a167a45ec751e5e72da9f45abae5f7d9340d', 'podpowiedz3', 3, 5);

-- Kierownicy (3)
INSERT INTO users (id, name, last_name, email, password, password_hint, role_id, group_id) VALUES
  (4, 'Katarzyna', 'Zielińska', 'katarzyna.zielinska@firma.pl', '95b49eab894a32254b0990346390a167a45ec751e5e72da9f45abae5f7d9340d', 'podpowiedz4', 2, 5),
  (5, 'Tomasz', 'Wójcik', 'tomasz.wojcik@firma.pl', '95b49eab894a32254b0990346390a167a45ec751e5e72da9f45abae5f7d9340d', 'podpowiedz5', 2, 5),
  (6, 'Agnieszka', 'Krawczyk', 'agnieszka.krawczyk@firma.pl', '95b49eab894a32254b0990346390a167a45ec751e5e72da9f45abae5f7d9340d', 'podpowiedz6', 2, 5);

-- Team Liderzy (10)
INSERT INTO users (id, name, last_name, email, password, password_hint, role_id, group_id) VALUES
  (7, 'Michał', 'Lewandowski', 'michal.lewandowski@firma.pl', '95b49eab894a32254b0990346390a167a45ec751e5e72da9f45abae5f7d9340d', 'podpowiedz7', 1, 11),
  (8, 'Monika', 'Szymańska', 'monika.szymansk@firma.pl', '95b49eab894a32254b0990346390a167a45ec751e5e72da9f45abae5f7d9340d', 'podpowiedz8', 1, 11),
  (9, 'Paweł', 'Dąbrowski', 'pawel.dabrowski@firma.pl', '95b49eab894a32254b0990346390a167a45ec751e5e72da9f45abae5f7d9340d', 'podpowiedz9', 1, 11),
  (10, 'Ewa', 'Kozłowska', 'ewa.kozlowska@firma.pl', '95b49eab894a32254b0990346390a167a45ec751e5e72da9f45abae5f7d9340d', 'podpowiedz10', 1, 11),
  (11, 'Krzysztof', 'Jankowski', 'krzysztof.jankowski@firma.pl', '95b49eab894a32254b0990346390a167a45ec751e5e72da9f45abae5f7d9340d', 'podpowiedz11', 1, 11),
  (12, 'Barbara', 'Wojciechowska', 'barbara.wojciechowska@firma.pl', '95b49eab894a32254b0990346390a167a45ec751e5e72da9f45abae5f7d9340d', 'podpowiedz12', 1, 11),
  (13, 'Adam', 'Kubiak', 'adam.kubiak@firma.pl', '95b49eab894a32254b0990346390a167a45ec751e5e72da9f45abae5f7d9340d', 'podpowiedz13', 1, 11),
  (14, 'Elżbieta', 'Wróblewska', 'elzbieta.wroblewska@firma.pl', '95b49eab894a32254b0990346390a167a45ec751e5e72da9f45abae5f7d9340d', 'podpowiedz14', 1, 11),
  (15, 'Robert', 'Nowicki', 'robert.nowicki@firma.pl', '95b49eab894a32254b0990346390a167a45ec751e5e72da9f45abae5f7d9340d', 'podpowiedz15', 1, 11),
  (16, 'Iwona', 'Mazur', 'iwona.mazur@firma.pl', '95b49eab894a32254b0990346390a167a45ec751e5e72da9f45abae5f7d9340d', 'podpowiedz16', 1, 11);

-- Pracownicy (24)
INSERT INTO users (id, name, last_name, email, password, password_hint, role_id, group_id) VALUES
  (17, 'Łukasz', 'Grabowski', 'lukasz.grabowski@firma.pl', '95b49eab894a32254b0990346390a167a45ec751e5e72da9f45abae5f7d9340d', 'podpowiedz17', 4, 1),
  (18, 'Karolina', 'Nowakowska', 'karolina.nowakowska@firma.pl', '95b49eab894a32254b0990346390a167a45ec751e5e72da9f45abae5f7d9340d', 'podpowiedz18', 4, 2),
  (19, 'Sebastian', 'Walczak', 'sebastian.walczak@firma.pl', '95b49eab894a32254b0990346390a167a45ec751e5e72da9f45abae5f7d9340d', 'podpowiedz19', 4, 3),
  (20, 'Julia', 'Baran', 'julia.baran@firma.pl', '95b49eab894a32254b0990346390a167a45ec751e5e72da9f45abae5f7d9340d', 'podpowiedz20', 4, 4),
  (21, 'Damian', 'Sikorski', 'damian.sikorski@firma.pl', '95b49eab894a32254b0990346390a167a45ec751e5e72da9f45abae5f7d9340d', 'podpowiedz21', 4, 6),
  (22, 'Natalia', 'Pawłowska', 'natalia.pawlowska@firma.pl', '95b49eab894a32254b0990346390a167a45ec751e5e72da9f45abae5f7d9340d', 'podpowiedz22', 4, 7),
  (23, 'Marek', 'Zawadzki', 'marek.zawadzki@firma.pl', '95b49eab894a32254b0990346390a167a45ec751e5e72da9f45abae5f7d9340d', 'podpowiedz23', 4, 8),
  (24, 'Dorota', 'Piotrowska', 'dorota.piotrowska@firma.pl', '95b49eab894a32254b0990346390a167a45ec751e5e72da9f45abae5f7d9340d', 'podpowiedz24', 4, 9),
  (25, 'Szymon', 'Król', 'szymon.krol@firma.pl', '95b49eab894a32254b0990346390a167a45ec751e5e72da9f45abae5f7d9340d', 'podpowiedz25', 4, 10),
  (26, 'Weronika', 'Majewska', 'weronika.majewska@firma.pl', '95b49eab894a32254b0990346390a167a45ec751e5e72da9f45abae5f7d9340d', 'podpowiedz26', 4, 1),
  (27, 'Oskar', 'Górski', 'oskar.gorski@firma.pl', '95b49eab894a32254b0990346390a167a45ec751e5e72da9f45abae5f7d9340d', 'podpowiedz27', 4, 2),
  (28, 'Renata', 'Walczak', 'renata.walczak@firma.pl', '95b49eab894a32254b0990346390a167a45ec751e5e72da9f45abae5f7d9340d', 'podpowiedz28', 4, 3),
  (29, 'Adrian', 'Stępień', 'adrian.stepien@firma.pl', '95b49eab894a32254b0990346390a167a45ec751e5e72da9f45abae5f7d9340d', 'podpowiedz29', 4, 4),
  (30, 'Klaudia', 'Michalska', 'klaudia.michalska@firma.pl', '95b49eab894a32254b0990346390a167a45ec751e5e72da9f45abae5f7d9340d', 'podpowiedz30', 4, 6),
  (31, 'Igor', 'Lis', 'igor.lis@firma.pl', '95b49eab894a32254b0990346390a167a45ec751e5e72da9f45abae5f7d9340d', 'podpowiedz31', 4, 7),
  (32, 'Agata', 'Wójcik', 'agata.wojcik@firma.pl', '95b49eab894a32254b0990346390a167a45ec751e5e72da9f45abae5f7d9340d', 'podpowiedz32', 4, 8),
  (33, 'Filip', 'Brzeziński', 'filip.brzezinski@firma.pl', '95b49eab894a32254b0990346390a167a45ec751e5e72da9f45abae5f7d9340d', 'podpowiedz33', 4, 9),
  (34, 'Martyna', 'Nowak', 'martyna.nowak@firma.pl', '95b49eab894a32254b0990346390a167a45ec751e5e72da9f45abae5f7d9340d', 'podpowiedz34', 4, 10),
  (35, 'Konstanty', 'Ostrowski', 'konstanty.ostrowski@firma.pl', '95b49eab894a32254b0990346390a167a45ec751e5e72da9f45abae5f7d9340d', 'podpowiedz35', 4, 1),
  (36, 'Emilia', 'Adamczyk', 'emilia.adamczyk@firma.pl', '95b49eab894a32254b0990346390a167a45ec751e5e72da9f45abae5f7d9340d', 'podpowiedz36', 4, 2),
  (37, 'Dawid', 'Jasiński', 'dawid.jasinski@firma.pl', '95b49eab894a32254b0990346390a167a45ec751e5e72da9f45abae5f7d9340d', 'podpowiedz37', 4, 3),
  (38, 'Irek', 'Barczak', 'irek.barczak@firma.pl', '95b49eab894a32254b0990346390a167a45ec751e5e72da9f45abae5f7d9340d', 'podpowiedz38', 4, 4),
  (39, 'Julia', 'Kowalczyk', 'julia.kowalczyk@firma.pl', '95b49eab894a32254b0990346390a167a45ec751e5e72da9f45abae5f7d9340d', 'podpowiedz39', 4, 6),
  (40, 'Sylwia', 'Głowacka', 'sylwia.glowacka@firma.pl', '95b49eab894a32254b0990346390a167a45ec751e5e72da9f45abae5f7d9340d', 'podpowiedz40', 4, 7);

-- Tabela settings
INSERT INTO settings (user_id, theme, default_view, last_password_change) VALUES
  (1, 'light', 'Zespoły', CURRENT_TIMESTAMP()),
  (2, 'dark', 'Zadania', CURRENT_TIMESTAMP()),
  (3, 'light', 'Zadania', CURRENT_TIMESTAMP()),
  (4, 'dark', 'Projekty', CURRENT_TIMESTAMP()),
  (5, 'light', 'Zadania', CURRENT_TIMESTAMP()),
  (6, 'dark', 'Zespoły', CURRENT_TIMESTAMP()),
  (7, 'light', 'Zadania', CURRENT_TIMESTAMP()),
  (8, 'dark', 'Raporty', CURRENT_TIMESTAMP()),
  (9, 'light', 'Użytkownicy', CURRENT_TIMESTAMP()),
  (10, 'dark', 'Zadania', CURRENT_TIMESTAMP()),
  (11, 'light', 'Raporty', CURRENT_TIMESTAMP()),
  (12, 'dark', 'Użytkownicy', CURRENT_TIMESTAMP()),
  (13, 'light', 'Zadania', CURRENT_TIMESTAMP()),
  (14, 'dark', 'Raporty', CURRENT_TIMESTAMP()),
  (15, 'light', 'Użytkownicy', CURRENT_TIMESTAMP()),
  (16, 'dark', 'Zadania', CURRENT_TIMESTAMP()),
  (17, 'light', 'Moje Zadania', CURRENT_TIMESTAMP()),
  (18, 'dark', 'Zadania', CURRENT_TIMESTAMP()),
  (19, 'light', 'Zadania', CURRENT_TIMESTAMP()),
  (20, 'dark', 'Moje Zadania', CURRENT_TIMESTAMP()),
  (21, 'light', 'Zadania', CURRENT_TIMESTAMP()),
  (22, 'dark', 'Zadania', CURRENT_TIMESTAMP()),
  (23, 'light', 'Moje Zadania', CURRENT_TIMESTAMP()),
  (24, 'dark', 'Zadania', CURRENT_TIMESTAMP()),
  (25, 'light', 'Zadania', CURRENT_TIMESTAMP()),
  (26, 'dark', 'Moje Zadania', CURRENT_TIMESTAMP()),
  (27, 'light', 'Zadania', CURRENT_TIMESTAMP()),
  (28, 'dark', 'Zadania', CURRENT_TIMESTAMP()),
  (29, 'light', 'Moje Zadania', CURRENT_TIMESTAMP()),
  (30, 'dark', 'Zadania', CURRENT_TIMESTAMP()),
  (31, 'light', 'Zadania', CURRENT_TIMESTAMP()),
  (32, 'dark', 'Moje Zadania', CURRENT_TIMESTAMP()),
  (33, 'light', 'Zadania', CURRENT_TIMESTAMP()),
  (34, 'dark', 'Zadania', CURRENT_TIMESTAMP()),
  (35, 'light', 'Moje Zadania', CURRENT_TIMESTAMP()),
  (36, 'dark', 'Zadania', CURRENT_TIMESTAMP()),
  (37, 'light', 'Zadania', CURRENT_TIMESTAMP()),
  (38, 'dark', 'Moje Zadania', CURRENT_TIMESTAMP()),
  (39, 'light', 'Zadania', CURRENT_TIMESTAMP()),
  (40, 'dark', 'Zadania', CURRENT_TIMESTAMP());

-- Tabela projects
INSERT INTO projects (id, project_name, description, start_date, end_date, manager_id) VALUES
  (1, 'System CRM', 'Rozwój systemu CRM dla klientów zewnętrznych', '2025-04-01', '2025-07-01', 4),
  (2, 'Aplikacja mobilna', 'Tworzenie aplikacji mobilnej na iOS i Android', '2025-04-05', '2025-07-15', 5),
  (3, 'Platforma e-commerce', 'Budowa nowej platformy sprzedażowej', '2025-04-10', '2025-08-01', 6),
  (4, 'System ERP', 'Wdrożenie systemu ERP dla wewnętrznych procesów', '2025-04-15', '2025-08-15', 4),
  (5, 'Integracja API', 'Integracja systemów zewnętrznych przez API', '2025-04-20', '2025-07-20', 5),
  (6, 'System BI', 'Tworzenie systemu Business Intelligence', '2025-04-25', '2025-08-30', 6),
  (7, 'Aplikacja webowa HR', 'Aplikacja do zarządzania zasobami ludzkimi', '2025-05-01', '2025-09-01', 4),
  (8, 'System rezerwacji', 'System rezerwacji usług online', '2025-05-05', '2025-09-15', 5),
  (9, 'Portal klienta', 'Rozwój portalu dla klientów', '2025-05-10', '2025-09-30', 6),
  (10, 'System monitorowania', 'System monitorowania infrastruktury IT', '2025-05-15', '2025-10-01', 4),
  (11, 'Aplikacja do faktur', 'Aplikacja do generowania faktur', '2025-05-20', '2025-10-15', 5),
  (12, 'System zarządzania projektami', 'Rozwój wewnętrznego systemu zarządzania projektami', '2025-05-25', '2025-10-30', 6),
  (13, 'Platforma edukacyjna', 'Tworzenie platformy e-learningowej', '2025-06-01', '2025-11-01', 4),
  (14, 'System biletowy', 'System sprzedaży biletów online', '2025-06-05', '2025-11-15', 5),
  (15, 'Aplikacja do śledzenia czasu', 'Aplikacja do rejestrowania czasu pracy', '2025-06-10', '2025-11-30', 6),
  (16, 'System bezpieczeństwa', 'Wdrożenie systemu zabezpieczeń danych', '2025-06-15', '2025-12-01', 4),
  (17, 'Portal analityczny', 'Tworzenie portalu z danymi analitycznymi', '2025-06-20', '2025-12-15', 5),
  (18, 'System do zamówień', 'System zarządzania zamówieniami', '2025-06-25', '2025-12-30', 6),
  (19, 'Aplikacja IoT', 'Rozwój aplikacji dla urządzeń IoT', '2025-07-01', '2026-01-01', 4),
  (20, 'System do raportowania', 'System generowania raportów biznesowych', '2025-07-05', '2026-01-15', 5),
  (21, 'Aplikacja do zarządzania flotą', 'System do zarządzania pojazdami firmowymi', '2025-07-10', '2026-01-30', 6),
  (22, 'Platforma do webinarów', 'Tworzenie platformy do prowadzenia webinarów', '2025-07-15', '2026-02-01', 4),
  (23, 'System do zarządzania treścią', 'Rozwój CMS dla klientów', '2025-07-20', '2026-02-15', 5),
  (24, 'Aplikacja do komunikacji', 'Aplikacja do wewnętrznej komunikacji', '2025-07-25', '2026-02-28', 6),
  (25, 'System do automatyzacji', 'Automatyzacja procesów biznesowych', '2025-08-01', '2026-03-01', 4),
  (26, 'Platforma do ankiet', 'Tworzenie platformy do przeprowadzania ankiet', '2025-08-05', '2026-03-15', 5),
  (27, 'System do zarządzania eventami', 'System do organizacji wydarzeń', '2025-08-10', '2026-03-30', 6),
  (28, 'Aplikacja do zarządzania zadaniami', 'Rozwój aplikacji do zarządzania zadaniami', '2025-08-15', '2026-04-01', 4),
  (29, 'System do zarządzania magazynem', 'System WMS dla logistyki', '2025-08-20', '2026-04-15', 5),
  (30, 'Portal dla pracowników', 'Portal samoobsługowy dla pracowników', '2025-08-25', '2026-04-30', 6);

-- Tabela teams (30 zespołów, po jednym na projekt, z różnorodnymi grupami)
INSERT INTO teams (id, team_name, project_id) VALUES
  (1, 'Zespół Alfa', 1),
  (2, 'Zespół Beta', 2),
  (3, 'Zespół Gamma', 3),
  (4, 'Zespół Delta', 4),
  (5, 'Zespół Epsilon', 5),
  (6, 'Zespół Zeta', 6),
  (7, 'Zespół Eta', 7),
  (8, 'Zespół Theta', 8),
  (9, 'Zespół Iota', 9),
  (10, 'Zespół Downa', 10),
  (11, 'Zespół Kappa', 11),
  (12, 'Zespół Lambda', 12),
  (13, 'Zespół Mu', 13),
  (14, 'Zespół Nu', 14),
  (15, 'Zespół Xi', 15),
  (16, 'Zespół Omicron', 16),
  (17, 'Zespół Pi', 17),
  (18, 'Zespół Rho', 18),
  (19, 'Zespół Sigma', 19),
  (20, 'Zespół Tau', 20),
  (21, 'Zespół Upsilon', 21),
  (22, 'Zespół Phi', 22),
  (23, 'Zespół Chi', 23),
  (24, 'Zespół Psi', 24),
  (25, 'Zespół Omega', 25),
  (26, 'Zespół Alfa 2', 26),
  (27, 'Zespół Beta 2', 27),
  (28, 'Zespół Gamma 2', 28),
  (29, 'Zespół Delta 2', 29),
  (30, 'Zespół Epsilon 2', 30);

-- Przypisanie członków do zespołów (różnorodne grupy)
INSERT INTO team_members (team_id, user_id, is_leader) VALUES
  -- Zespół Alfa (projekt 1): lider + członkowie z różnych grup
  (1, 1, 1), (1, 17, 0), (1, 18, 0), (1, 21, 0), (1, 23, 0),
  -- Zespół Beta (projekt 2)
  (2, 2, 1), (2, 19, 0), (2, 20, 0), (2, 22, 0), (2, 24, 0),
  -- Zespół Gamma (projekt 3)
  (3, 3, 1), (3, 25, 0), (3, 26, 0), (3, 27, 0), (3, 28, 0),
  -- Zespół Delta (projekt 4)
  (4, 1, 1), (4, 29, 0), (4, 30, 0), (4, 31, 0), (4, 32, 0),
  -- Zespół Epsilon (projekt 5)
  (5, 2, 1), (5, 33, 0), (5, 34, 0), (5, 35, 0), (5, 36, 0),
  -- Zespół Zeta (projekt 6)
  (6, 3, 1), (6, 37, 0), (6, 38, 0), (6, 39, 0), (6, 40, 0),
  -- Zespół Eta (projekt 7)
  (7, 1, 1), (7, 17, 0), (7, 19, 0), (7, 21, 0), (7, 23, 0),
  -- Zespół Theta (projekt 8)
  (8, 2, 1), (8, 18, 0), (8, 20, 0), (8, 22, 0), (8, 24, 0),
  -- Zespół Iota (projekt 9)
  (9, 3, 1), (9, 25, 0), (9, 26, 0), (9, 27, 0), (9, 28, 0),
  -- Zespół Downa (projekt 10)
  (10, 1, 1), (10, 29, 0), (10, 30, 0), (10, 31, 0), (10, 32, 0),
  -- Zespół Kappa (projekt 11)
  (11, 2, 1), (11, 33, 0), (11, 34, 0), (11, 35, 0), (11, 36, 0),
  -- Zespół Lambda (projekt 12)
  (12, 3, 1), (12, 37, 0), (12, 38, 0), (12, 39, 0), (12, 40, 0),
  -- Zespół Mu (projekt 13)
  (13, 1, 1), (13, 17, 0), (13, 18, 0), (13, 21, 0), (13, 23, 0),
  -- Zespół Nu (projekt 14)
  (14, 2, 1), (14, 19, 0), (14, 20, 0), (14, 22, 0), (14, 24, 0),
  -- Zespół Xi (projekt 15)
  (15, 3, 1), (15, 25, 0), (15, 26, 0), (15, 27, 0), (15, 28, 0),
  -- Zespół Omicron (projekt 16)
  (16, 1, 1), (16, 29, 0), (16, 30, 0), (16, 31, 0), (16, 32, 0),
  -- Zespół Pi (projekt 17)
  (17, 2, 1), (17, 33, 0), (17, 34, 0), (17, 35, 0), (17, 36, 0),
  -- Zespół Rho (projekt 18)
  (18, 3, 1), (18, 37, 0), (18, 38, 0), (18, 39, 0), (18, 40, 0),
  -- Zespół Sigma (projekt 19)
  (19, 1, 1), (19, 17, 0), (19, 18, 0), (19, 21, 0), (19, 23, 0),
  -- Zespół Tau (projekt 20)
  (20, 2, 1), (20, 19, 0), (20, 20, 0), (20, 22, 0), (20, 24, 0),
  -- Zespół Upsilon (projekt 21)
  (21, 3, 1), (21, 25, 0), (21, 26, 0), (21, 27, 0), (21, 28, 0),
  -- Zespół Phi (projekt 22)
  (22, 1, 1), (22, 29, 0), (22, 30, 0), (22, 31, 0), (22, 32, 0),
  -- Zespół Chi (projekt 23)
  (23, 2, 1), (23, 33, 0), (23, 34, 0), (23, 35, 0), (23, 36, 0),
  -- Zespół Psi (projekt 24)
  (24, 3, 1), (24, 37, 0), (24, 38, 0), (24, 39, 0), (24, 40, 0),
  -- Zespół Omega (projekt 25)
  (25, 1, 1), (25, 17, 0), (25, 18, 0), (25, 21, 0), (25, 23, 0),
  -- Zespół Alfa 2 (projekt 26)
  (26, 2, 1), (26, 19, 0), (26, 20, 0), (26, 22, 0), (26, 24, 0),
  -- Zespół Beta 2 (projekt 27)
  (27, 3, 1), (27, 25, 0), (27, 26, 0), (27, 27, 0), (27, 28, 0),
  -- Zespół Gamma 2 (projekt 28)
  (28, 1, 1), (28, 29, 0), (28, 30, 0), (28, 31, 0), (28, 32, 0),
  -- Zespół Delta 2 (projekt 29)
  (29, 2, 1), (29, 33, 0), (29, 34, 0), (29, 35, 0), (29, 36, 0),
  -- Zespół Epsilon 2 (projekt 30)
  (30, 3, 1), (30, 37, 0), (30, 38, 0), (30, 39, 0), (30, 40, 0);

-- Tabela tasks (200 zadań)
INSERT INTO tasks (id, project_id, team_id, title, description, status, priority, start_date, end_date) VALUES
(1, 1, 1, 'Implementacja panelu użytkownika', 'Stworzenie interfejsu użytkownika dla systemu CRM', 'Nowe', 'Wysokie', '2025-04-01', '2025-04-15'),
(2, 1, 1, 'Testy panelu użytkownika', 'Przeprowadzenie testów użyteczności panelu', 'W toku', 'Średnie', '2025-04-03', '2025-04-17'),
(3, 1, 1, 'Integracja z API CRM', 'Połączenie panelu z backendowym API', 'Zakończone', 'Niskie', '2025-04-05', '2025-04-19'),
(4, 2, 2, 'Rozwój aplikacji mobilnej', 'Implementacja głównego ekranu aplikacji', 'Nowe', 'Wysokie', '2025-04-02', '2025-04-16'),
(5, 2, 2, 'Testy jednostkowe aplikacji', 'Przeprowadzenie testów jednostkowych', 'W toku', 'Średnie', '2025-04-04', '2025-04-18'),
(6, 2, 2, 'Konfiguracja CI/CD', 'Ustawienie pipeline CI/CD dla aplikacji', 'Zakończone', 'Niskie', '2025-04-06', '2025-04-20'),
(7, 3, 3, 'Projekt sklepu online', 'Stworzenie projektu graficznego sklepu', 'Nowe', 'Wysokie', '2025-04-03', '2025-04-17'),
(8, 3, 3, 'Analiza wymagań e-commerce', 'Zebranie wymagań biznesowych dla sklepu', 'W toku', 'Średnie', '2025-04-05', '2025-04-19'),
(9, 3, 3, 'Integracja z płatnościami', 'Połączenie z systemem płatności online', 'Zakończone', 'Niskie', '2025-04-07', '2025-04-21'),
(10, 4, 4, 'Moduł finansowy ERP', 'Implementacja modułu finansowego', 'Nowe', 'Wysokie', '2025-04-04', '2025-04-18'),
(11, 4, 4, 'Testy integracyjne ERP', 'Przeprowadzenie testów integracyjnych', 'W toku', 'Średnie', '2025-04-06', '2025-04-20'),
(12, 4, 4, 'Dokumentacja ERP', 'Sporządzenie dokumentacji technicznej', 'Zakończone', 'Niskie', '2025-04-08', '2025-04-22'),
(13, 5, 5, 'Integracja API zewnętrznych', 'Połączenie z zewnętrznymi systemami', 'Nowe', 'Wysokie', '2025-04-05', '2025-04-19'),
(14, 5, 5, 'Testy API', 'Przeprowadzenie testów endpointów API', 'W toku', 'Średnie', '2025-04-07', '2025-04-21'),
(15, 5, 5, 'Konfiguracja serwerów', 'Ustawienie serwerów dla API', 'Zakończone', 'Niskie', '2025-04-09', '2025-04-23'),
(16, 6, 6, 'Dashboard BI', 'Stworzenie dashboardu dla danych BI', 'Nowe', 'Wysokie', '2025-04-06', '2025-04-20'),
(17, 6, 6, 'Proces ETL', 'Implementacja procesu ETL dla danych', 'W toku', 'Średnie', '2025-04-08', '2025-04-22'),
(18, 6, 6, 'Testy dashboardu BI', 'Przeprowadzenie testów dashboardu', 'Zakończone', 'Niskie', '2025-04-10', '2025-04-24'),
(19, 7, 7, 'Moduł rekrutacji HR', 'Implementacja modułu rekrutacji', 'Nowe', 'Wysokie', '2025-04-07', '2025-04-21'),
(20, 7, 7, 'Interfejs użytkownika HR', 'Rozwój interfejsu aplikacji HR', 'W toku', 'Średnie', '2025-04-09', '2025-04-23'),
(21, 7, 7, 'Testy aplikacji HR', 'Przeprowadzenie testów aplikacji', 'Zakończone', 'Niskie', '2025-04-11', '2025-04-25'),
(22, 8, 8, 'System rezerwacji', 'Implementacja systemu rezerwacji', 'Nowe', 'Wysokie', '2025-04-08', '2025-04-22'),
(23, 8, 8, 'Panel obsługi klienta', 'Stworzenie panelu dla obsługi klienta', 'W toku', 'Średnie', '2025-04-10', '2025-04-24'),
(24, 8, 8, 'Testy systemu rezerwacji', 'Przeprowadzenie testów systemu', 'Zakończone', 'Niskie', '2025-04-12', '2025-04-26'),
(25, 9, 9, 'Moduł rejestracji klienta', 'Implementacja rejestracji w portalu', 'Nowe', 'Wysokie', '2025-04-09', '2025-04-23'),
(26, 9, 9, 'API portalu klienta', 'Rozwój API dla portalu', 'W toku', 'Średnie', '2025-04-11', '2025-04-25'),
(27, 9, 9, 'Testy portalu klienta', 'Przeprowadzenie testów portalu', 'Zakończone', 'Niskie', '2025-04-13', '2025-04-27'),
(28, 10, 10, 'Monitorowanie serwerów', 'Ustawienie monitorowania serwerów', 'Nowe', 'Wysokie', '2025-04-10', '2025-04-24'),
(29, 10, 10, 'Polityki bezpieczeństwa', 'Wdrożenie polityk bezpieczeństwa', 'W toku', 'Średnie', '2025-04-12', '2025-04-26'),
(30, 10, 10, 'Testy bezpieczeństwa', 'Przeprowadzenie testów zabezpieczeń', 'Zakończone', 'Niskie', '2025-04-14', '2025-04-28'),
(31, 11, 11, 'Moduł generowania faktur', 'Implementacja generowania faktur', 'Nowe', 'Wysokie', '2025-04-11', '2025-04-25'),
(32, 11, 11, 'Integracja z księgowością', 'Połączenie z systemem księgowym', 'W toku', 'Średnie', '2025-04-13', '2025-04-27'),
(33, 11, 11, 'Testy modułu faktur', 'Przeprowadzenie testów faktur', 'Zakończone', 'Niskie', '2025-04-15', '2025-04-29'),
(34, 12, 12, 'Panel zarządzania projektami', 'Stworzenie panelu zarządzania', 'Nowe', 'Wysokie', '2025-04-12', '2025-04-26'),
(35, 12, 12, 'Automatyzacja raportów', 'Automatyzacja generowania raportów', 'W toku', 'Średnie', '2025-04-14', '2025-04-28'),
(36, 12, 12, 'Testy panelu projektów', 'Przeprowadzenie testów panelu', 'Zakończone', 'Niskie', '2025-04-16', '2025-04-30'),
(37, 13, 13, 'Moduł kursów online', 'Stworzenie modułu kursów online', 'Nowe', 'Wysokie', '2025-04-13', '2025-04-27'),
(38, 13, 13, 'Analiza wymagań edukacyjnych', 'Zebranie wymagań dla platformy', 'W toku', 'Średnie', '2025-04-15', '2025-04-29'),
(39, 13, 13, 'Testy platformy edukacyjnej', 'Przeprowadzenie testów platformy', 'Zakończone', 'Niskie', '2025-04-17', '2025-05-01'),
(40, 14, 14, 'System sprzedaży biletów', 'Implementacja sprzedaży biletów', 'Nowe', 'Wysokie', '2025-04-14', '2025-04-28'),
(41, 14, 14, 'Testy systemu biletowego', 'Przeprowadzenie testów systemu', 'W toku', 'Średnie', '2025-04-16', '2025-04-30'),
(42, 14, 14, 'Integracja z płatnościami', 'Połączenie z systemem płatności', 'Zakończone', 'Niskie', '2025-04-18', '2025-05-02'),
(43, 15, 15, 'Moduł śledzenia czasu', 'Implementacja śledzenia czasu pracy', 'Nowe', 'Wysokie', '2025-04-15', '2025-04-29'),
(44, 15, 15, 'Integracja z HR', 'Połączenie z systemem HR', 'W toku', 'Średnie', '2025-04-17', '2025-05-01'),
(45, 15, 15, 'Testy śledzenia czasu', 'Przeprowadzenie testów modułu', 'Zakończone', 'Niskie', '2025-04-19', '2025-05-03'),
(46, 16, 16, 'System zabezpieczeń danych', 'Wdrożenie systemu zabezpieczeń', 'Nowe', 'Wysokie', '2025-04-16', '2025-04-30'),
(47, 16, 16, 'Audyt bezpieczeństwa', 'Przeprowadzenie audytu bezpieczeństwa', 'W toku', 'Średnie', '2025-04-18', '2025-05-02'),
(48, 16, 16, 'Testy zabezpieczeń', 'Przeprowadzenie testów zabezpieczeń', 'Zakończone', 'Niskie', '2025-04-20', '2025-05-04'),
(49, 17, 17, 'Portal analityczny', 'Stworzenie portalu z danymi analitycznymi', 'Nowe', 'Wysokie', '2025-04-17', '2025-05-01'),
(50, 17, 17, 'Dashboard analityczny', 'Implementacja dashboardu analitycznego', 'W toku', 'Średnie', '2025-04-19', '2025-05-03'),
(51, 17, 17, 'Testy portalu analitycznego', 'Przeprowadzenie testów portalu', 'Zakończone', 'Niskie', '2025-04-21', '2025-05-05'),
(52, 18, 18, 'System zarządzania zamówieniami', 'Implementacja systemu zamówień', 'Nowe', 'Wysokie', '2025-04-18', '2025-05-02'),
(53, 18, 18, 'Integracja z magazynem', 'Połączenie z systemem magazynowym', 'W toku', 'Średnie', '2025-04-20', '2025-05-04'),
(54, 18, 18, 'Testy systemu zamówień', 'Przeprowadzenie testów systemu', 'Zakończone', 'Niskie', '2025-04-22', '2025-05-06'),
(55, 19, 19, 'Aplikacja IoT', 'Rozwój aplikacji dla urządzeń IoT', 'Nowe', 'Wysokie', '2025-04-19', '2025-05-03'),
(56, 19, 19, 'Integracja z urządzeniami', 'Połączenie z urządzeniami IoT', 'W toku', 'Średnie', '2025-04-21', '2025-05-05'),
(57, 19, 19, 'Testy aplikacji IoT', 'Przeprowadzenie testów aplikacji', 'Zakończone', 'Niskie', '2025-04-23', '2025-05-07'),
(58, 20, 20, 'System raportowania', 'Implementacja systemu raportów', 'Nowe', 'Wysokie', '2025-04-20', '2025-05-04'),
(59, 20, 20, 'Dashboard raportów', 'Stworzenie dashboardu raportów', 'W toku', 'Średnie', '2025-04-22', '2025-05-06'),
(60, 20, 20, 'Testy systemu raportowania', 'Przeprowadzenie testów systemu', 'Zakończone', 'Niskie', '2025-04-24', '2025-05-08'),
(61, 21, 21, 'System zarządzania flotą', 'Implementacja systemu dla floty', 'Nowe', 'Wysokie', '2025-04-21', '2025-05-05'),
(62, 21, 21, 'Integracja z GPS', 'Połączenie z systemem GPS', 'W toku', 'Średnie', '2025-04-23', '2025-05-07'),
(63, 21, 21, 'Testy systemu floty', 'Przeprowadzenie testów systemu', 'Zakończone', 'Niskie', '2025-04-25', '2025-05-09'),
(64, 22, 22, 'Platforma do webinarów', 'Stworzenie platformy webinarowej', 'Nowe', 'Wysokie', '2025-04-22', '2025-05-06'),
(65, 22, 22, 'Integracja z streamingiem', 'Połączenie z platformą streamingową', 'W toku', 'Średnie', '2025-04-24', '2025-05-08'),
(66, 22, 22, 'Testy platformy webinarowej', 'Przeprowadzenie testów platformy', 'Zakończone', 'Niskie', '2025-04-26', '2025-05-10'),
(67, 23, 23, 'System zarządzania treścią', 'Rozwój CMS dla klientów', 'Nowe', 'Wysokie', '2025-04-23', '2025-05-07'),
(68, 23, 23, 'Edytor treści', 'Implementacja edytora treści', 'W toku', 'Średnie', '2025-04-25', '2025-05-09'),
(69, 23, 23, 'Testy CMS', 'Przeprowadzenie testów CMS', 'Zakończone', 'Niskie', '2025-04-27', '2025-05-11'),
(70, 24, 24, 'Aplikacja do komunikacji', 'Rozwój aplikacji komunikacyjnej', 'Nowe', 'Wysokie', '2025-04-24', '2025-05-08'),
(71, 24, 24, 'Integracja z chatem', 'Połączenie z systemem chatu', 'W toku', 'Średnie', '2025-04-26', '2025-05-10'),
(72, 24, 24, 'Testy aplikacji komunikacyjnej', 'Przeprowadzenie testów aplikacji', 'Zakończone', 'Niskie', '2025-04-28', '2025-05-12'),
(73, 25, 25, 'System automatyzacji procesów', 'Automatyzacja procesów biznesowych', 'Nowe', 'Wysokie', '2025-04-25', '2025-05-09'),
(74, 25, 25, 'Skrypty automatyzacji', 'Implementacja skryptów automatyzacji', 'W toku', 'Średnie', '2025-04-27', '2025-05-11'),
(75, 25, 25, 'Testy automatyzacji', 'Przeprowadzenie testów skryptów', 'Zakończone', 'Niskie', '2025-04-29', '2025-05-13'),
(76, 26, 26, 'Platforma do ankiet', 'Stworzenie platformy ankietowej', 'Nowe', 'Wysokie', '2025-04-26', '2025-05-10'),
(77, 26, 26, 'Moduł analizy ankiet', 'Implementacja analizy wyników', 'W toku', 'Średnie', '2025-04-28', '2025-05-12'),
(78, 26, 26, 'Testy platformy ankiet', 'Przeprowadzenie testów platformy', 'Zakończone', 'Niskie', '2025-04-30', '2025-05-14'),
(79, 27, 27, 'System zarządzania eventami', 'Implementacja systemu eventów', 'Nowe', 'Wysokie', '2025-04-27', '2025-05-11'),
(80, 27, 27, 'Moduł rejestracji na eventy', 'Stworzenie modułu rejestracji', 'W toku', 'Średnie', '2025-04-29', '2025-05-13'),
(81, 27, 27, 'Testy systemu eventów', 'Przeprowadzenie testów systemu', 'Zakończone', 'Niskie', '2025-05-01', '2025-05-15'),
(82, 28, 28, 'Aplikacja do zarządzania zadaniami', 'Rozwój aplikacji zadaniowej', 'Nowe', 'Wysokie', '2025-04-28', '2025-05-12'),
(83, 28, 28, 'Panel zarządzania zadaniami', 'Implementacja panelu zarządzania', 'W toku', 'Średnie', '2025-04-30', '2025-05-14'),
(84, 28, 28, 'Testy aplikacji zadaniowej', 'Przeprowadzenie testów aplikacji', 'Zakończone', 'Niskie', '2025-05-02', '2025-05-16'),
(85, 29, 29, 'System WMS', 'Implementacja systemu magazynowego', 'Nowe', 'Wysokie', '2025-04-29', '2025-05-13'),
(86, 29, 29, 'Integracja z ERP', 'Połączenie z systemem ERP', 'W toku', 'Średnie', '2025-05-01', '2025-05-15'),
(87, 29, 29, 'Testy systemu WMS', 'Przeprowadzenie testów systemu', 'Zakończone', 'Niskie', '2025-05-03', '2025-05-17'),
(88, 30, 30, 'Portal dla pracowników', 'Stworzenie portalu samoobsługowego', 'Nowe', 'Wysokie', '2025-04-30', '2025-05-14'),
(89, 30, 30, 'Moduł wniosków urlopowych', 'Implementacja wniosków urlopowych', 'W toku', 'Średnie', '2025-05-02', '2025-05-16'),
(90, 30, 30, 'Testy portalu pracowników', 'Przeprowadzenie testów portalu', 'Zakończone', 'Niskie', '2025-05-04', '2025-05-18'),
(91, 1, 1, 'Optymalizacja panelu CRM', 'Poprawa wydajności panelu użytkownika', 'Nowe', 'Wysokie', '2025-05-01', '2025-05-15'),
(92, 1, 1, 'Dokumentacja panelu', 'Sporządzenie dokumentacji panelu', 'W toku', 'Średnie', '2025-05-03', '2025-05-17'),
(93, 2, 2, 'Moduł powiadomień', 'Implementacja powiadomień w aplikacji', 'Zakończone', 'Niskie', '2025-05-02', '2025-05-16'),
(94, 2, 2, 'Optymalizacja kodu', 'Refaktoryzacja kodu aplikacji', 'Nowe', 'Wysokie', '2025-05-04', '2025-05-18'),
(95, 3, 3, 'Moduł koszyka', 'Implementacja koszyka zakupowego', 'W toku', 'Średnie', '2025-05-03', '2025-05-17'),
(96, 3, 3, 'Testy koszyka', 'Przeprowadzenie testów koszyka', 'Zakończone', 'Niskie', '2025-05-05', '2025-05-19'),
(97, 4, 4, 'Moduł magazynowy ERP', 'Implementacja modułu magazynowego', 'Nowe', 'Wysokie', '2025-05-04', '2025-05-18'),
(98, 4, 4, 'Testy modułu magazynowego', 'Przeprowadzenie testów modułu', 'W toku', 'Średnie', '2025-05-06', '2025-05-20'),
(99, 5, 5, 'Dokumentacja API', 'Sporządzenie dokumentacji API', 'Zakończone', 'Niskie', '2025-05-05', '2025-05-19'),
(100, 5, 5, 'Optymalizacja API', 'Poprawa wydajności API', 'Nowe', 'Wysokie', '2025-05-07', '2025-05-21'),
(101, 6, 6, 'Moduł raportów BI', 'Implementacja raportów w systemie BI', 'W toku', 'Średnie', '2025-05-07', '2025-05-21'),
(102, 6, 6, 'Testy raportów BI', 'Przeprowadzenie testów raportów', 'Zakończone', 'Niskie', '2025-05-09', '2025-05-23'),
(103, 7, 7, 'Moduł ocen pracowniczych', 'Implementacja ocen pracowniczych', 'Nowe', 'Wysokie', '2025-05-08', '2025-05-22'),
(104, 7, 7, 'Testy ocen pracowniczych', 'Przeprowadzenie testów modułu', 'W toku', 'Średnie', '2025-05-10', '2025-05-24'),
(105, 8, 8, 'Moduł anulowania rezerwacji', 'Implementacja anulowania rezerwacji', 'Zakończone', 'Niskie', '2025-05-09', '2025-05-23'),
(106, 8, 8, 'Optymalizacja rezerwacji', 'Poprawa wydajności systemu rezerwacji', 'Nowe', 'Wysokie', '2025-05-11', '2025-05-25'),
(107, 9, 9, 'Moduł profilu użytkownika', 'Implementacja profilu użytkownika', 'W toku', 'Średnie', '2025-05-10', '2025-05-24'),
(108, 9, 9, 'Testy profilu użytkownika', 'Przeprowadzenie testów profilu', 'Zakończone', 'Niskie', '2025-05-12', '2025-05-26'),
(109, 10, 10, 'Moduł logów systemowych', 'Implementacja logowania zdarzeń', 'Nowe', 'Wysokie', '2025-05-11', '2025-05-25'),
(110, 10, 10, 'Testy logów systemowych', 'Przeprowadzenie testów logów', 'W toku', 'Średnie', '2025-05-13', '2025-05-27'),
(111, 11, 11, 'Moduł raportów finansowych', 'Implementacja raportów finansowych', 'Zakończone', 'Niskie', '2025-05-12', '2025-05-26'),
(112, 11, 11, 'Optymalizacja faktur', 'Poprawa wydajności generowania faktur', 'Nowe', 'Wysokie', '2025-05-14', '2025-05-28'),
(113, 12, 12, 'Moduł powiadomień projektowych', 'Implementacja powiadomień projektowych', 'W toku', 'Średnie', '2025-05-13', '2025-05-27'),
(114, 12, 12, 'Testy powiadomień', 'Przeprowadzenie testów powiadomień', 'Zakończone', 'Niskie', '2025-05-15', '2025-05-29'),
(115, 13, 13, 'Moduł quizów', 'Implementacja quizów edukacyjnych', 'Nowe', 'Wysokie', '2025-05-14', '2025-05-28'),
(116, 13, 13, 'Testy quizów', 'Przeprowadzenie testów quizów', 'W toku', 'Średnie', '2025-05-16', '2025-05-30'),
(117, 14, 14, 'Moduł zwrotów biletów', 'Implementacja zwrotów biletów', 'Zakończone', 'Niskie', '2025-05-15', '2025-05-29'),
(118, 14, 14, 'Optymalizacja biletów', 'Poprawa wydajności sprzedaży biletów', 'Nowe', 'Wysokie', '2025-05-17', '2025-05-31'),
(119, 15, 15, 'Moduł raportów czasu', 'Implementacja raportów czasu pracy', 'W toku', 'Średnie', '2025-05-16', '2025-05-30'),
(120, 15, 15, 'Testy raportów czasu', 'Przeprowadzenie testów raportów', 'Zakończone', 'Niskie', '2025-05-18', '2025-06-01'),
(121, 16, 16, 'Moduł szyfrowania danych', 'Implementacja szyfrowania danych', 'Nowe', 'Wysokie', '2025-05-17', '2025-05-31'),
(122, 16, 16, 'Testy szyfrowania', 'Przeprowadzenie testów szyfrowania', 'W toku', 'Średnie', '2025-05-19', '2025-06-02'),
(123, 17, 17, 'Moduł raportów analitycznych', 'Implementacja raportów analitycznych', 'Zakończone', 'Niskie', '2025-05-18', '2025-06-01'),
(124, 17, 17, 'Optymalizacja analityki', 'Poprawa wydajności portalu analitycznego', 'Nowe', 'Wysokie', '2025-05-20', '2025-06-03'),
(125, 18, 18, 'Moduł śledzenia zamówień', 'Implementacja śledzenia zamówień', 'W toku', 'Średnie', '2025-05-19', '2025-06-02'),
(126, 18, 18, 'Testy śledzenia zamówień', 'Przeprowadzenie testów śledzenia', 'Zakończone', 'Niskie', '2025-05-21', '2025-06-04'),
(127, 19, 19, 'Moduł sterowania IoT', 'Implementacja sterowania urządzeniami', 'Nowe', 'Wysokie', '2025-05-20', '2025-06-03'),
(128, 19, 19, 'Testy sterowania IoT', 'Przeprowadzenie testów sterowania', 'W toku', 'Średnie', '2025-05-22', '2025-06-05'),
(129, 20, 20, 'Moduł eksportu raportów', 'Implementacja eksportu raportów', 'Zakończone', 'Niskie', '2025-05-21', '2025-06-04'),
(130, 20, 20, 'Optymalizacja raportów', 'Poprawa wydajności raportowania', 'Nowe', 'Wysokie', '2025-05-23', '2025-06-06'),
(131, 21, 21, 'Moduł konserwacji floty', 'Implementacja konserwacji pojazdów', 'W toku', 'Średnie', '2025-05-22', '2025-06-05'),
(132, 21, 21, 'Testy konserwacji floty', 'Przeprowadzenie testów konserwacji', 'Zakończone', 'Niskie', '2025-05-24', '2025-06-07'),
(133, 22, 22, 'Moduł czatu webinarowego', 'Implementacja czatu webinarowego', 'Nowe', 'Wysokie', '2025-05-23', '2025-06-06'),
(134, 22, 22, 'Testy czatu webinarowego', 'Przeprowadzenie testów czatu', 'W toku', 'Średnie', '2025-05-25', '2025-06-08'),
(135, 23, 23, 'Moduł publikacji treści', 'Implementacja publikacji treści', 'Zakończone', 'Niskie', '2025-05-24', '2025-06-07'),
(136, 23, 23, 'Optymalizacja CMS', 'Poprawa wydajności CMS', 'Nowe', 'Wysokie', '2025-05-26', '2025-06-09'),
(137, 24, 24, 'Moduł powiadomień czatu', 'Implementacja powiadomień czatu', 'W toku', 'Średnie', '2025-05-25', '2025-06-08'),
(138, 24, 24, 'Testy powiadomień czatu', 'Przeprowadzenie testów powiadomień', 'Zakończone', 'Niskie', '2025-05-27', '2025-06-10'),
(139, 25, 25, 'Moduł monitorowania procesów', 'Implementacja monitorowania procesów', 'Nowe', 'Wysokie', '2025-05-26', '2025-06-09'),
(140, 25, 25, 'Testy monitorowania', 'Przeprowadzenie testów monitorowania', 'W toku', 'Średnie', '2025-05-28', '2025-06-11'),
(141, 26, 26, 'Moduł tworzenia ankiet', 'Implementacja tworzenia ankiet', 'Zakończone', 'Niskie', '2025-05-27', '2025-06-10'),
(142, 26, 26, 'Optymalizacja ankiet', 'Poprawa wydajności platformy ankiet', 'Nowe', 'Wysokie', '2025-05-29', '2025-06-12'),
(143, 27, 27, 'Moduł harmonogramu eventów', 'Implementacja harmonogramu eventów', 'W toku', 'Średnie', '2025-05-28', '2025-06-11'),
(144, 27, 27, 'Testy harmonogramu', 'Przeprowadzenie testów harmonogramu', 'Zakończone', 'Niskie', '2025-05-30', '2025-06-13'),
(145, 28, 28, 'Moduł priorytetów zadań', 'Implementacja priorytetów zadań', 'Nowe', 'Wysokie', '2025-05-29', '2025-06-12'),
(146, 28, 28, 'Testy priorytetów zadań', 'Przeprowadzenie testów priorytetów', 'W toku', 'Średnie', '2025-05-31', '2025-06-14'),
(147, 29, 29, 'Moduł inwentaryzacji', 'Implementacja inwentaryzacji magazynowej', 'Zakończone', 'Niskie', '2025-05-30', '2025-06-13'),
(148, 29, 29, 'Optymalizacja WMS', 'Poprawa wydajności systemu WMS', 'Nowe', 'Wysokie', '2025-06-01', '2025-06-15'),
(149, 30, 30, 'Moduł profilu pracownika', 'Implementacja profilu pracownika', 'W toku', 'Średnie', '2025-05-31', '2025-06-14'),
(150, 30, 30, 'Testy profilu pracownika', 'Przeprowadzenie testów profilu', 'Zakończone', 'Niskie', '2025-06-02', '2025-06-16'),
(151, 1, 1, 'Moduł wyszukiwania CRM', 'Implementacja wyszukiwania w CRM', 'Nowe', 'Wysokie', '2025-06-01', '2025-06-15'),
(152, 1, 1, 'Testy wyszukiwania CRM', 'Przeprowadzenie testów wyszukiwania', 'W toku', 'Średnie', '2025-06-03', '2025-06-17'),
(153, 2, 2, 'Moduł offline aplikacji', 'Implementacja trybu offline', 'Zakończone', 'Niskie', '2025-06-02', '2025-06-16'),
(154, 2, 2, 'Testy trybu offline', 'Przeprowadzenie testów trybu offline', 'Nowe', 'Wysokie', '2025-06-04', '2025-06-18'),
(155, 3, 3, 'Moduł rekomendacji produktów', 'Implementacja rekomendacji produktów', 'W toku', 'Średnie', '2025-06-03', '2025-06-17'),
(156, 3, 3, 'Testy rekomendacji', 'Przeprowadzenie testów rekomendacji', 'Zakończone', 'Niskie', '2025-06-05', '2025-06-19'),
(157, 4, 4, 'Moduł HR ERP', 'Implementacja modułu HR w ERP', 'Nowe', 'Wysokie', '2025-06-04', '2025-06-18'),
(158, 4, 4, 'Testy modułu HR', 'Przeprowadzenie testów modułu HR', 'W toku', 'Średnie', '2025-06-06', '2025-06-20'),
(159, 5, 5, 'Moduł autentykacji API', 'Implementacja autentykacji API', 'Zakończone', 'Niskie', '2025-06-05', '2025-06-19'),
(160, 5, 5, 'Testy autentykacji API', 'Przeprowadzenie testów autentykacji', 'Nowe', 'Wysokie', '2025-06-07', '2025-06-21'),
(161, 6, 6, 'Moduł wizualizacji danych', 'Implementacja wizualizacji danych', 'W toku', 'Średnie', '2025-06-06', '2025-06-20'),
(162, 6, 6, 'Testy wizualizacji danych', 'Przeprowadzenie testów wizualizacji', 'Zakończone', 'Niskie', '2025-06-08', '2025-06-22'),
(163, 7, 7, 'Moduł szkoleń HR', 'Implementacja modułu szkoleń', 'Nowe', 'Wysokie', '2025-06-07', '2025-06-21'),
(164, 7, 7, 'Testy modułu szkoleń', 'Przeprowadzenie testów modułu', 'W toku', 'Średnie', '2025-06-09', '2025-06-23'),
(165, 8, 8, 'Moduł powiadomień rezerwacji', 'Implementacja powiadomień rezerwacji', 'Zakończone', 'Niskie', '2025-06-08', '2025-06-22'),
(166, 8, 8, 'Testy powiadomień rezerwacji', 'Przeprowadzenie testów powiadomień', 'Nowe', 'Wysokie', '2025-06-10', '2025-06-24'),
(167, 9, 9, 'Moduł historii klienta', 'Implementacja historii klienta', 'W toku', 'Średnie', '2025-06-09', '2025-06-23'),
(168, 9, 9, 'Testy historii klienta', 'Przeprowadzenie testów historii', 'Zakończone', 'Niskie', '2025-06-11', '2025-06-25'),
(169, 10, 10, 'Moduł alertów systemowych', 'Implementacja alertów systemowych', 'Nowe', 'Wysokie', '2025-06-10', '2025-06-24'),
(170, 10, 10, 'Testy alertów systemowych', 'Przeprowadzenie testów alertów', 'W toku', 'Średnie', '2025-06-12', '2025-06-26'),
(171, 11, 11, 'Moduł walidacji faktur', 'Implementacja walidacji faktur', 'Zakończone', 'Niskie', '2025-06-11', '2025-06-25'),
(172, 11, 11, 'Testy walidacji faktur', 'Przeprowadzenie testów walidacji', 'Nowe', 'Wysokie', '2025-06-13', '2025-06-27'),
(173, 12, 12, 'Moduł śledzenia projektów', 'Implementacja śledzenia projektów', 'W toku', 'Średnie', '2025-06-12', '2025-06-26'),
(174, 12, 12, 'Testy śledzenia projektów', 'Przeprowadzenie testów śledzenia', 'Zakończone', 'Niskie', '2025-06-14', '2025-06-28'),
(175, 13, 13, 'Moduł certyfikatów', 'Implementacja certyfikatów edukacyjnych', 'Nowe', 'Wysokie', '2025-06-13', '2025-06-27'),
(176, 13, 13, 'Testy certyfikatów', 'Przeprowadzenie testów certyfikatów', 'W toku', 'Średnie', '2025-06-15', '2025-06-29'),
(177, 14, 14, 'Moduł promocji biletów', 'Implementacja promocji biletów', 'Zakończone', 'Niskie', '2025-06-14', '2025-06-28'),
(178, 14, 14, 'Testy promocji biletów', 'Przeprowadzenie testów promocji', 'Nowe', 'Wysokie', '2025-06-16', '2025-06-30'),
(179, 15, 15, 'Moduł eksportu czasu', 'Implementacja eksportu czasu pracy', 'W toku', 'Średnie', '2025-06-15', '2025-06-29'),
(180, 15, 15, 'Testy eksportu czasu', 'Przeprowadzenie testów eksportu', 'Zakończone', 'Niskie', '2025-06-17', '2025-07-01'),
(181, 16, 16, 'Moduł backupu danych', 'Implementacja backupu danych', 'Nowe', 'Wysokie', '2025-06-16', '2025-06-30'),
(182, 16, 16, 'Testy backupu danych', 'Przeprowadzenie testów backupu', 'W toku', 'Średnie', '2025-06-18', '2025-07-02'),
(183, 17, 17, 'Moduł eksportu analiz', 'Implementacja eksportu analiz', 'Zakończone', 'Niskie', '2025-06-17', '2025-07-01'),
(184, 17, 17, 'Testy eksportu analiz', 'Przeprowadzenie testów eksportu', 'Nowe', 'Wysokie', '2025-06-19', '2025-07-03'),
(185, 18, 18, 'Moduł anulowania zamówień', 'Implementacja anulowania zamówień', 'W toku', 'Średnie', '2025-06-18', '2025-07-02'),
(186, 18, 18, 'Testy anulowania zamówień', 'Przeprowadzenie testów anulowania', 'Zakończone', 'Niskie', '2025-06-20', '2025-07-04'),
(187, 19, 19, 'Moduł konfiguracji IoT', 'Implementacja konfiguracji IoT', 'Nowe', 'Wysokie', '2025-06-19', '2025-07-03'),
(188, 19, 19, 'Testy konfiguracji IoT', 'Przeprowadzenie testów konfiguracji', 'W toku', 'Średnie', '2025-06-21', '2025-07-05'),
(189, 20, 20, 'Moduł personalizacji raportów', 'Implementacja personalizacji raportów', 'Zakończone', 'Niskie', '2025-06-20', '2025-07-04'),
(190, 20, 20, 'Testy personalizacji raportów', 'Przeprowadzenie testów personalizacji', 'Nowe', 'Wysokie', '2025-06-22', '2025-07-06'),
(191, 21, 21, 'Moduł raportów floty', 'Implementacja raportów floty', 'W toku', 'Średnie', '2025-06-21', '2025-07-05'),
(192, 21, 21, 'Testy raportów floty', 'Przeprowadzenie testów raportów', 'Zakończone', 'Niskie', '2025-06-23', '2025-07-07'),
(193, 22, 22, 'Moduł nagrywania webinarów', 'Implementacja nagrywania webinarów', 'Nowe', 'Wysokie', '2025-06-22', '2025-07-06'),
(194, 22, 22, 'Testy nagrywania webinarów', 'Przeprowadzenie testów nagrywania', 'W toku', 'Średnie', '2025-06-24', '2025-07-08'),
(195, 23, 23, 'Moduł SEO CMS', 'Implementacja SEO w CMS', 'Zakończone', 'Niskie', '2025-06-23', '2025-07-07'),
(196, 23, 23, 'Testy SEO CMS', 'Przeprowadzenie testów SEO', 'Nowe', 'Wysokie', '2025-06-25', '2025-07-09'),
(197, 24, 24, 'Moduł grup czatu', 'Implementacja grup czatu', 'W toku', 'Średnie', '2025-06-24', '2025-07-08'),
(198, 24, 24, 'Testy grup czatu', 'Przeprowadzenie testów grup', 'Zakończone', 'Niskie', '2025-06-26', '2025-07-10'),
(199, 25, 25, 'Moduł logowania procesów', 'Implementacja logowania procesów', 'Nowe', 'Wysokie', '2025-06-25', '2025-07-09'),
(200, 25, 25, 'Testy logowania procesów', 'Przeprowadzenie testów logowania', 'W toku', 'Średnie', '2025-06-27', '2025-07-11');

-- Tabela task_assignments (przypisanie zadań do użytkowników)
INSERT INTO task_assignments (task_id, user_id) VALUES
  (1, 17), (1, 18), (1, 21),
  (2, 18), (2, 21), (2, 23),
  (3, 17), (3, 23),
  (4, 19), (4, 20), (4, 22),
  (5, 20), (5, 22), (5, 24),
  (6, 19), (6, 24),
  (7, 25), (7, 26), (7, 27),
  (8, 26), (8, 27), (8, 28),
  (9, 25), (9, 28),
  (10, 29), (10, 30), (10, 31),
  (11, 30), (11, 31), (11, 32),
  (12, 29), (12, 32),
  (13, 33), (13, 34), (13, 35),
  (14, 34), (14, 35), (14, 36),
  (15, 33), (15, 36),
  (16, 37), (16, 38), (16, 39),
  (17, 38), (17, 39), (17, 40),
  (18, 37), (18, 40),
  (19, 17), (19, 19), (19, 21),
  (20, 19), (20, 21), (20, 23),
  (21, 17), (21, 23),
  (22, 18), (22, 20), (22, 22),
  (23, 20), (23, 22), (23, 24),
  (24, 18), (24, 24),
  (25, 25), (25, 26), (25, 27),
  (26, 26), (26, 27), (26, 28),
  (27, 25), (27, 28),
  (28, 29), (28, 30), (28, 31),
  (29, 30), (29, 31), (29, 32),
  (30, 29), (30, 32),
  (31, 33), (31, 34), (31, 35),
  (32, 34), (32, 35), (32, 36),
  (33, 33), (33, 36),
  (34, 37), (34, 38), (34, 39),
  (35, 38), (35, 39), (35, 40),
  (36, 37), (36, 40),
  (37, 17), (37, 18), (37, 21),
  (38, 18), (38, 21), (38, 23),
  (39, 17), (39, 23),
  (40, 19), (40, 20), (40, 22),
  (41, 20), (41, 22), (41, 24),
  (42, 19), (42, 24),
  (43, 25), (43, 26), (43, 27),
  (44, 26), (44, 27), (44, 28),
  (45, 25), (45, 28),
  (46, 29), (46, 30), (46, 31),
  (47, 30), (47, 31), (47, 32),
  (48, 29), (48, 32),
  (49, 33), (49, 34), (49, 35),
  (50, 34), (50, 35), (50, 36),
  (51, 33), (51, 36),
  (52, 37), (52, 38), (52, 39),
  (53, 38), (53, 39), (53, 40),
  (54, 37), (54, 40),
  (55, 17), (55, 18), (55, 21),
  (56, 18), (56, 21), (56, 23),
  (57, 17), (57, 23),
  (58, 19), (58, 20), (58, 22),
  (59, 20), (59, 22), (59, 24),
  (60, 19), (60, 24),
  (61, 25), (61, 26), (61, 27),
  (62, 26), (62, 27), (62, 28),
  (63, 25), (63, 28),
  (64, 29), (64, 30), (64, 31),
  (65, 30), (65, 31), (65, 32),
  (66, 29), (66, 32),
  (67, 33), (67, 34), (67, 35),
  (68, 34), (68, 35), (68, 36),
  (69, 33), (69, 36),
  (70, 37), (70, 38), (70, 39),
  (71, 38), (71, 39), (71, 40),
  (72, 37), (72, 40),
  (73, 17), (73, 18), (73, 21),
  (74, 18), (74, 21), (74, 23),
  (75, 17), (75, 23),
  (76, 19), (76, 20), (76, 22),
  (77, 20), (77, 22), (77, 24),
  (78, 19), (78, 24),
  (79, 25), (79, 26), (79, 27),
  (80, 26), (80, 27), (80, 28),
  (81, 25), (81, 28),
  (82, 29), (82, 30), (82, 31),
  (83, 30), (83, 31), (83, 32),
  (84, 29), (84, 32),
  (85, 33), (85, 34), (85, 35),
  (86, 34), (86, 35), (86, 36),
  (87, 33), (87, 36),
  (88, 37), (88, 38), (88, 39),
  (89, 38), (89, 39), (89, 40),
  (90, 37), (90, 40),
  (91, 17), (91, 18), (91, 21),
  (92, 18), (92, 21), (92, 23),
  (93, 19), (93, 20), (93, 22),
  (94, 20), (94, 22), (94, 24),
  (95, 25), (95, 26), (95, 27),
  (96, 26), (96, 27), (96, 28),
  (97, 29), (97, 30), (97, 31),
  (98, 30), (98, 31), (98, 32),
  (99, 33), (99, 34), (99, 35),
  (100, 34), (100, 35), (100, 36),
  (101, 37), (101, 38), (101, 39),
  (102, 38), (102, 39), (102, 40),
  (103, 17), (103, 19), (103, 21),
  (104, 19), (104, 21), (104, 23),
  (105, 18), (105, 20), (105, 22),
  (106, 20), (106, 22), (106, 24),
  (107, 25), (107, 26), (107, 27),
  (108, 26), (108, 27), (108, 28),
  (109, 29), (109, 30), (109, 31),
  (110, 30), (110, 31), (110, 32),
  (111, 33), (111, 34), (111, 35),
  (112, 34), (112, 35), (112, 36),
  (113, 37), (113, 38), (113, 39),
  (114, 38), (114, 39), (114, 40),
  (115, 17), (115, 18), (115, 21),
  (116, 18), (116, 21), (116, 23),
  (117, 19), (117, 20), (117, 22),
  (118, 20), (118, 22), (118, 24),
  (119, 25), (119, 26), (119, 27),
  (120, 26), (120, 27), (120, 28),
  (121, 29), (121, 30), (121, 31),
  (122, 30), (122, 31), (122, 32),
  (123, 33), (123, 34), (123, 35),
  (124, 34), (124, 35), (124, 36),
  (125, 37), (125, 38), (125, 39),
  (126, 38), (126, 39), (126, 40),
  (127, 17), (127, 18), (127, 21),
  (128, 18), (128, 21), (128, 23),
  (129, 19), (129, 20), (129, 22),
  (130, 20), (130, 22), (130, 24),
  (131, 25), (131, 26), (131, 27),
  (132, 26), (132, 27), (132, 28),
  (133, 29), (133, 30), (133, 31),
  (134, 30), (134, 31), (134, 32),
  (135, 33), (135, 34), (135, 35),
  (136, 34), (136, 35), (136, 36),
  (137, 37), (137, 38), (137, 39),
  (138, 38), (138, 39), (138, 40),
  (139, 17), (139, 18), (139, 21),
  (140, 18), (140, 21), (140, 23),
  (141, 19), (141, 20), (141, 22),
  (142, 20), (142, 22), (142, 24),
  (143, 25), (143, 26), (143, 27),
  (144, 26), (144, 27), (144, 28),
  (145, 29), (145, 30), (145, 31),
  (146, 30), (146, 31), (146, 32),
  (147, 33), (147, 34), (147, 35),
  (148, 34), (148, 35), (148, 36),
  (149, 37), (149, 38), (149, 39),
  (150, 38), (150, 39), (150, 40),
  (151, 17), (151, 18), (151, 21),
  (152, 18), (152, 21), (152, 23),
  (153, 19), (153, 20), (153, 22),
  (154, 20), (154, 22), (154, 24),
  (155, 25), (155, 26), (155, 27),
  (156, 26), (156, 27), (156, 28),
  (157, 29), (157, 30), (157, 31),
  (158, 30), (158, 31), (158, 32),
  (159, 33), (159, 34), (159, 35),
  (160, 34), (160, 35), (160, 36),
  (161, 37), (161, 38), (161, 39),
  (162, 38), (162, 39), (162, 40),
  (163, 17), (163, 19), (163, 21),
  (164, 19), (164, 21), (164, 23),
  (165, 18), (165, 20), (165, 22),
  (166, 20), (166, 22), (166, 24),
  (167, 25), (167, 26), (167, 27),
  (168, 26), (168, 27), (168, 28),
  (169, 29), (169, 30), (169, 31),
  (170, 30), (170, 31), (170, 32),
  (171, 33), (171, 34), (171, 35),
  (172, 34), (172, 35), (172, 36),
  (173, 37), (173, 38), (173, 39),
  (174, 38), (174, 39), (174, 40),
  (175, 17), (175, 18), (175, 21),
  (176, 18), (176, 21), (176, 23),
  (177, 19), (177, 20), (177, 22),
  (178, 20), (178, 22), (178, 24),
  (179, 25), (179, 26), (179, 27),
  (180, 26), (180, 27), (180, 28),
  (181, 29), (181, 30), (181, 31),
  (182, 30), (182, 31), (182, 32),
  (183, 33), (183, 34), (183, 35),
  (184, 34), (184, 35), (184, 36),
  (185, 37), (185, 38), (185, 39),
  (186, 38), (186, 39), (186, 40),
  (187, 17), (187, 18), (187, 21),
  (188, 18), (188, 21), (188, 23),
  (189, 19), (189, 20), (189, 22),
  (190, 20), (190, 22), (190, 24),
  (191, 25), (191, 26), (191, 27),
  (192, 26), (192, 27), (192, 28),
  (193, 29), (193, 30), (193, 31),
  (194, 30), (194, 31), (194, 32),
  (195, 33), (195, 34), (195, 35),
  (196, 34), (196, 35), (196, 36),
  (197, 37), (197, 38), (197, 39),
  (198, 38), (198, 39), (198, 40);

-- Tabela task_activities
INSERT INTO task_activities (task_id, user_id, activity_type, description, created_at) VALUES
  (1, 17, 'Dodanie zadania', 'Dodano uwagi do implementacji panelu użytkownika', NOW()),
  (2, 18, 'Aktualizacja zadania', 'Zmieniono status testów na W toku', NOW()),
  (3, 21, 'Usunięcie zadania', 'Dodano dokumentację integracji API CRM', NOW()),
  (4, 19, 'Dodanie zadania', 'Propozycja zmiany układu ekranu głównego', NOW()),
  (5, 20, 'Aktualizacja zadania', 'Rozpoczęto testy jednostkowe', NOW()),
  (6, 22, 'Usunięcie zadania', 'Dodano konfigurację pipeline CI/CD', NOW()),
  (7, 25, 'Dodanie zadania', 'Uwagi do projektu graficznego sklepu', NOW()),
  (8, 26, 'Aktualizacja zadania', 'Zebrano wstępne wymagania biznesowe', NOW()),
  (9, 27, 'Usunięcie zadania', 'Dodano specyfikację systemu płatności', NOW()),
  (10, 29, 'Dodanie zadania', 'Propozycja optymalizacji modułu finansowego', NOW()),
  (11, 30, 'Aktualizacja zadania', 'Rozpoczęto testy integracyjne ERP', NOW()),
  (12, 31, 'Usunięcie zadania', 'Dodano dokumentację techniczną ERP', NOW()),
  (13, 33, 'Dodanie zadania', 'Uwagi do integracji z zewnętrznym API', NOW()),
  (14, 34, 'Aktualizacja zadania', 'Rozpoczęto testy endpointów API', NOW()),
  (15, 35, 'Usunięcie zadania', 'Dodano konfigurację serwerów API', NOW()),
  (16, 37, 'Dodanie zadania', 'Propozycja zmiany layoutu dashboardu BI', NOW()),
  (17, 38, 'Aktualizacja zadania', 'Rozpoczęto implementację procesu ETL', NOW()),
  (18, 39, 'Usunięcie zadania', 'Dodano raport z testów dashboardu', NOW()),
  (19, 17, 'Dodanie zadania', 'Uwagi do struktury modułu rekrutacji', NOW()),
  (20, 19, 'Aktualizacja zadania', 'Rozpoczęto rozwój interfejsu HR', NOW()),
  (21, 21, 'Usunięcie zadania', 'Dodano wyniki testów aplikacji HR', NOW()),
  (22, 18, 'Dodanie zadania', 'Propozycja optymalizacji systemu rezerwacji', NOW()),
  (23, 20, 'Aktualizacja zadania', 'Rozpoczęto tworzenie panelu obsługi klienta', NOW()),
  (24, 22, 'Usunięcie zadania', 'Dodano raport z testów systemu rezerwacji', NOW()),
  (25, 25, 'Dodanie zadania', 'Uwagi do formularza rejestracji klienta', NOW()),
  (26, 26, 'Aktualizacja zadania', 'Rozpoczęto rozwój API portalu klienta', NOW()),
  (27, 27, 'Usunięcie zadania', 'Dodano wyniki testów portalu klienta', NOW()),
  (28, 29, 'Dodanie zadania', 'Propozycja zmiany narzędzia monitorowania', NOW()),
  (29, 30, 'Aktualizacja zadania', 'Wdrożono polityki bezpieczeństwa', NOW()),
  (30, 31, 'Usunięcie zadania', 'Dodano raport z testów bezpieczeństwa', NOW()),
  (31, 33, 'Dodanie zadania', 'Uwagi do formatu generowania faktur', NOW()),
  (32, 34, 'Aktualizacja zadania', 'Rozpoczęto integrację z księgowością', NOW()),
  (33, 35, 'Usunięcie zadania', 'Dodano wyniki testów modułu faktur', NOW()),
  (34, 37, 'Dodanie zadania', 'Propozycja zmiany układu panelu projektów', NOW()),
  (35, 38, 'Aktualizacja zadania', 'Rozpoczęto automatyzację raportów', NOW()),
  (36, 39, 'Usunięcie zadania', 'Dodano raport z testów panelu projektów', NOW()),
  (37, 17, 'Dodanie zadania', 'Uwagi do struktury kursów online', NOW()),
  (38, 18, 'Aktualizacja zadania', 'Zebrano wymagania edukacyjne', NOW()),
  (39, 21, 'Usunięcie zadania', 'Dodano wyniki testów platformy edukacyjnej', NOW()),
  (40, 19, 'Dodanie zadania', 'Propozycja zmiany systemu sprzedaży biletów', NOW()),
  (41, 20, 'Aktualizacja zadania', 'Rozpoczęto testy systemu biletowego', NOW()),
  (42, 22, 'Usunięcie zadania', 'Dodano specyfikację integracji płatności', NOW()),
  (43, 25, 'Dodanie zadania', 'Uwagi do funkcji śledzenia czasu', NOW()),
  (44, 26, 'Aktualizacja zadania', 'Rozpoczęto integrację z HR', NOW()),
  (45, 27, 'Usunięcie zadania', 'Dodano wyniki testów śledzenia czasu', NOW()),
  (46, 29, 'Dodanie zadania', 'Propozycja zmiany polityki zabezpieczeń', NOW()),
  (47, 30, 'Aktualizacja zadania', 'Rozpoczęto audyt bezpieczeństwa', NOW()),
  (48, 31, 'Usunięcie zadania', 'Dodano raport z testów zabezpieczeń', NOW()),
  (49, 33, 'Dodanie zadania', 'Uwagi do layoutu portalu analitycznego', NOW()),
  (50, 34, 'Aktualizacja zadania', 'Rozpoczęto implementację dashboardu', NOW()),
  (51, 35, 'Usunięcie zadania', 'Dodano wyniki testów portalu analitycznego', NOW()),
  (52, 37, 'Dodanie zadania', 'Propozycja zmiany systemu zamówień', NOW()),
  (53, 38, 'Aktualizacja zadania', 'Rozpoczęto integrację z magazynem', NOW()),
  (54, 39, 'Usunięcie zadania', 'Dodano raport z testów systemu zamówień', NOW()),
  (55, 17, 'Dodanie zadania', 'Uwagi do aplikacji IoT', NOW()),
  (56, 18, 'Aktualizacja zadania', 'Rozpoczęto integrację z urządzeniami IoT', NOW()),
  (57, 21, 'Usunięcie zadania', 'Dodano wyniki testów aplikacji IoT', NOW()),
  (58, 19, 'Dodanie zadania', 'Propozycja zmiany formatu raportów', NOW()),
  (59, 20, 'Aktualizacja zadania', 'Rozpoczęto tworzenie dashboardu raportów', NOW()),
  (60, 22, 'Usunięcie zadania', 'Dodano raport z testów systemu raportowania', NOW()),
  (61, 25, 'Dodanie zadania', 'Uwagi do systemu zarządzania flotą', NOW()),
  (62, 26, 'Aktualizacja zadania', 'Rozpoczęto integrację z GPS', NOW()),
  (63, 27, 'Usunięcie zadania', 'Dodano wyniki testów systemu floty', NOW()),
  (64, 29, 'Dodanie zadania', 'Propozycja zmiany platformy webinarowej', NOW()),
  (65, 30, 'Aktualizacja zadania', 'Rozpoczęto integrację ze streamingiem', NOW()),
  (66, 31, 'Usunięcie zadania', 'Dodano wyniki testów platformy webinarowej', NOW()),
  (67, 33, 'Dodanie zadania', 'Uwagi do systemu CMS', NOW()),
  (68, 34, 'Aktualizacja zadania', 'Rozpoczęto implementację edytora treści', NOW()),
  (69, 35, 'Usunięcie zadania', 'Dodano wyniki testów CMS', NOW()),
  (70, 37, 'Dodanie zadania', 'Propozycja zmiany aplikacji komunikacyjnej', NOW()),
  (71, 38, 'Aktualizacja zadania', 'Rozpoczęto integrację z chatem', NOW()),
  (72, 39, 'Usunięcie zadania', 'Dodano wyniki testów aplikacji komunikacyjnej', NOW()),
  (73, 17, 'Dodanie zadania', 'Uwagi do automatyzacji procesów', NOW()),
  (74, 18, 'Aktualizacja zadania', 'Rozpoczęto implementację skryptów', NOW()),
  (75, 21, 'Usunięcie zadania', 'Dodano wyniki testów automatyzacji', NOW()),
  (76, 19, 'Dodanie zadania', 'Propozycja zmiany platformy ankietowej', NOW()),
  (77, 20, 'Aktualizacja zadania', 'Rozpoczęto implementację analizy ankiet', NOW()),
  (78, 22, 'Usunięcie zadania', 'Dodano wyniki testów platformy ankiet', NOW()),
  (79, 25, 'Dodanie zadania', 'Uwagi do systemu zarządzania eventami', NOW()),
  (80, 26, 'Aktualizacja zadania', 'Rozpoczęto implementację rejestracji', NOW()),
  (81, 27, 'Usunięcie zadania', 'Dodano wyniki testów systemu eventów', NOW()),
  (82, 29, 'Dodanie zadania', 'Propozycja zmiany aplikacji zadaniowej', NOW()),
  (83, 30, 'Aktualizacja zadania', 'Rozpoczęto implementację panelu zarządzania', NOW()),
  (84, 31, 'Usunięcie zadania', 'Dodano wyniki testów aplikacji zadaniowej', NOW()),
  (85, 33, 'Dodanie zadania', 'Uwagi do systemu WMS', NOW()),
  (86, 34, 'Aktualizacja zadania', 'Rozpoczęto integrację z ERP', NOW()),
  (87, 35, 'Usunięcie zadania', 'Dodano wyniki testów systemu WMS', NOW()),
  (88, 37, 'Dodanie zadania', 'Propozycja zmiany portalu pracowników', NOW()),
  (89, 38, 'Aktualizacja zadania', 'Rozpoczęto implementację wniosków urlopowych', NOW()),
  (90, 39, 'Usunięcie zadania', 'Dodano wyniki testów portalu pracowników', NOW()),
  (91, 17, 'Dodanie zadania', 'Uwagi do optymalizacji panelu CRM', NOW()),
  (92, 18, 'Aktualizacja zadania', 'Rozpoczęto tworzenie dokumentacji panelu', NOW()),
  (93, 19, 'Usunięcie zadania', 'Dodano specyfikację powiadomień aplikacji', NOW()),
  (94, 20, 'Dodanie zadania', 'Propozycja refaktoryzacji kodu aplikacji', NOW()),
  (95, 25, 'Aktualizacja zadania', 'Rozpoczęto implementację koszyka zakupowego', NOW()),
  (96, 26, 'Usunięcie zadania', 'Dodano wyniki testów koszyka zakupowego', NOW()),
  (97, 29, 'Dodanie zadania', 'Uwagi do modułu magazynowego ERP', NOW()),
  (98, 30, 'Aktualizacja zadania', 'Rozpoczęto testy modułu magazynowego', NOW()),
  (99, 33, 'Usunięcie zadania', 'Dodano dokumentację API', NOW()),
  (100, 34, 'Dodanie zadania', 'Propozycja optymalizacji API', NOW()),
  (101, 37, 'Aktualizacja zadania', 'Rozpoczęto implementację raportów BI', NOW()),
  (102, 38, 'Usunięcie zadania', 'Dodano wyniki testów raportów BI', NOW()),
  (103, 17, 'Dodanie zadania', 'Uwagi do modułu ocen pracowniczych', NOW()),
  (104, 19, 'Aktualizacja zadania', 'Rozpoczęto testy ocen pracowniczych', NOW()),
  (105, 18, 'Usunięcie zadania', 'Dodano specyfikację anulowania rezerwacji', NOW()),
  (106, 20, 'Dodanie zadania', 'Propozycja optymalizacji rezerwacji', NOW()),
  (107, 25, 'Aktualizacja zadania', 'Rozpoczęto implementację profilu użytkownika', NOW()),
  (108, 26, 'Usunięcie zadania', 'Dodano wyniki testów profilu użytkownika', NOW()),
  (109, 29, 'Dodanie zadania', 'Uwagi do logowania zdarzeń systemowych', NOW()),
  (110, 30, 'Aktualizacja zadania', 'Rozpoczęto testy logów systemowych', NOW()),
  (111, 33, 'Usunięcie zadania', 'Dodano specyfikację raportów finansowych', NOW()),
  (112, 34, 'Dodanie zadania', 'Propozycja optymalizacji faktur', NOW()),
  (113, 37, 'Aktualizacja zadania', 'Rozpoczęto implementację powiadomień projektowych', NOW()),
  (114, 38, 'Usunięcie zadania', 'Dodano wyniki testów powiadomień projektowych', NOW()),
  (115, 17, 'Dodanie zadania', 'Uwagi do struktury quizów edukacyjnych', NOW()),
  (116, 18, 'Aktualizacja zadania', 'Rozpoczęto testy quizów edukacyjnych', NOW()),
  (117, 19, 'Usunięcie zadania', 'Dodano specyfikację zwrotów biletów', NOW()),
  (118, 20, 'Dodanie zadania', 'Propozycja optymalizacji sprzedaży biletów', NOW()),
  (119, 25, 'Aktualizacja zadania', 'Rozpoczęto implementację raportów czasu', NOW()),
  (120, 26, 'Usunięcie zadania', 'Dodano wyniki testów raportów czasu', NOW()),
  (121, 29, 'Dodanie zadania', 'Uwagi do szyfrowania danych', NOW()),
  (122, 30, 'Aktualizacja zadania', 'Rozpoczęto testy szyfrowania danych', NOW()),
  (123, 33, 'Usunięcie zadania', 'Dodano specyfikację raportów analitycznych', NOW()),
  (124, 34, 'Dodanie zadania', 'Propozycja optymalizacji portalu analitycznego', NOW()),
  (125, 37, 'Aktualizacja zadania', 'Rozpoczęto implementację śledzenia zamówień', NOW()),
  (126, 38, 'Usunięcie zadania', 'Dodano wyniki testów śledzenia zamówień', NOW()),
  (127, 17, 'Dodanie zadania', 'Uwagi do sterowania urządzeniami IoT', NOW()),
  (128, 18, 'Aktualizacja zadania', 'Rozpoczęto testy sterowania IoT', NOW()),
  (129, 19, 'Usunięcie zadania', 'Dodano specyfikację eksportu raportów', NOW()),
  (130, 20, 'Dodanie zadania', 'Propozycja optymalizacji raportowania', NOW()),
  (131, 25, 'Aktualizacja zadania', 'Rozpoczęto implementację konserwacji floty', NOW()),
  (132, 26, 'Usunięcie zadania', 'Dodano wyniki testów konserwacji floty', NOW()),
  (133, 29, 'Dodanie zadania', 'Uwagi do czatu webinarowego', NOW()),
  (134, 30, 'Aktualizacja zadania', 'Rozpoczęto testy czatu webinarowego', NOW()),
  (135, 33, 'Usunięcie zadania', 'Dodano specyfikację publikacji treści', NOW()),
  (136, 34, 'Dodanie zadania', 'Propozycja optymalizacji CMS', NOW()),
  (137, 37, 'Aktualizacja zadania', 'Rozpoczęto implementację powiadomień czatu', NOW()),
  (138, 38, 'Usunięcie zadania', 'Dodano wyniki testów powiadomień czatu', NOW()),
  (139, 17, 'Dodanie zadania', 'Uwagi do monitorowania procesów', NOW()),
  (140, 18, 'Aktualizacja zadania', 'Rozpoczęto testy monitorowania procesów', NOW()),
  (141, 19, 'Usunięcie zadania', 'Dodano specyfikację tworzenia ankiet', NOW()),
  (142, 20, 'Dodanie zadania', 'Propozycja optymalizacji platformy ankiet', NOW()),
  (143, 25, 'Aktualizacja zadania', 'Rozpoczęto implementację harmonogramu eventów', NOW()),
  (144, 26, 'Usunięcie zadania', 'Dodano wyniki testów harmonogramu eventów', NOW()),
  (145, 29, 'Dodanie zadania', 'Uwagi do priorytetów zadań', NOW()),
  (146, 30, 'Aktualizacja zadania', 'Rozpoczęto testy priorytetów zadań', NOW()),
  (147, 33, 'Usunięcie zadania', 'Dodano specyfikację inwentaryzacji', NOW()),
  (148, 34, 'Dodanie zadania', 'Propozycja optymalizacji systemu WMS', NOW()),
  (149, 37, 'Aktualizacja zadania', 'Rozpoczęto implementację profilu pracownika', NOW()),
  (150, 38, 'Usunięcie zadania', 'Dodano wyniki testów profilu pracownika', NOW()),
  (151, 17, 'Dodanie zadania', 'Uwagi do wyszukiwania w CRM', NOW()),
  (152, 18, 'Aktualizacja zadania', 'Rozpoczęto testy wyszukiwania w CRM', NOW()),
  (153, 19, 'Usunięcie zadania', 'Dodano specyfikację trybu offline', NOW()),
  (154, 20, 'Dodanie zadania', 'Propozycja optymalizacji trybu offline', NOW()),
  (155, 25, 'Aktualizacja zadania', 'Rozpoczęto implementację rekomendacji produktów', NOW()),
  (156, 26, 'Usunięcie zadania', 'Dodano wyniki testów rekomendacji', NOW()),
  (157, 29, 'Dodanie zadania', 'Uwagi do modułu HR w ERP', NOW()),
  (158, 30, 'Aktualizacja zadania', 'Rozpoczęto testy modułu HR', NOW()),
  (159, 33, 'Usunięcie zadania', 'Dodano specyfikację autentykacji API', NOW()),
  (160, 34, 'Dodanie zadania', 'Propozycja optymalizacji autentykacji API', NOW()),
  (161, 37, 'Aktualizacja zadania', 'Rozpoczęto implementację wizualizacji danych', NOW()),
  (162, 38, 'Usunięcie zadania', 'Dodano wyniki testów wizualizacji danych', NOW()),
  (163, 17, 'Dodanie zadania', 'Uwagi do modułu szkoleń HR', NOW()),
  (164, 19, 'Aktualizacja zadania', 'Rozpoczęto testy modułu szkoleń', NOW()),
  (165, 18, 'Usunięcie zadania', 'Dodano specyfikację powiadomień rezerwacji', NOW()),
  (166, 20, 'Dodanie zadania', 'Propozycja optymalizacji powiadomień rezerwacji', NOW()),
  (167, 25, 'Aktualizacja zadania', 'Rozpoczęto implementację historii klienta', NOW()),
  (168, 26, 'Usunięcie zadania', 'Dodano wyniki testów historii klienta', NOW()),
  (169, 29, 'Dodanie zadania', 'Uwagi do alertów systemowych', NOW()),
  (170, 30, 'Aktualizacja zadania', 'Rozpoczęto testy alertów systemowych', NOW()),
  (171, 33, 'Usunięcie zadania', 'Dodano specyfikację walidacji faktur', NOW()),
  (172, 34, 'Dodanie zadania', 'Propozycja optymalizacji walidacji faktur', NOW()),
  (173, 37, 'Aktualizacja zadania', 'Rozpoczęto implementację śledzenia projektów', NOW()),
  (174, 38, 'Usunięcie zadania', 'Dodano wyniki testów śledzenia projektów', NOW()),
  (175, 17, 'Dodanie zadania', 'Uwagi do certyfikatów edukacyjnych', NOW()),
  (176, 18, 'Aktualizacja zadania', 'Rozpoczęto testy certyfikatów', NOW()),
  (177, 19, 'Usunięcie zadania', 'Dodano specyfikację promocji biletów', NOW()),
  (178, 20, 'Dodanie zadania', 'Propozycja optymalizacji promocji biletów', NOW()),
  (179, 25, 'Aktualizacja zadania', 'Rozpoczęto implementację eksportu czasu', NOW()),
  (180, 26, 'Usunięcie zadania', 'Dodano wyniki testów eksportu czasu', NOW()),
  (181, 29, 'Dodanie zadania', 'Uwagi do backupu danych', NOW()),
  (182, 30, 'Aktualizacja zadania', 'Rozpoczęto testy backupu danych', NOW()),
  (183, 33, 'Usunięcie zadania', 'Dodano specyfikację eksportu analiz', NOW()),
  (184, 34, 'Dodanie zadania', 'Propozycja optymalizacji eksportu analiz', NOW()),
  (185, 37, 'Aktualizacja zadania', 'Rozpoczęto implementację anulowania zamówień', NOW()),
  (186, 38, 'Usunięcie zadania', 'Dodano wyniki testów anulowania zamówień', NOW()),
  (187, 17, 'Dodanie zadania', 'Uwagi do konfiguracji IoT', NOW()),
  (188, 18, 'Aktualizacja zadania', 'Rozpoczęto testy konfiguracji IoT', NOW()),
  (189, 19, 'Usunięcie zadania', 'Dodano specyfikację personalizacji raportów', NOW()),
  (190, 20, 'Dodanie zadania', 'Propozycja optymalizacji personalizacji raportów', NOW()),
  (191, 25, 'Aktualizacja zadania', 'Rozpoczęto implementację raportów floty', NOW()),
  (192, 26, 'Usunięcie zadania', 'Dodano wyniki testów raportów floty', NOW()),
  (193, 29, 'Dodanie zadania', 'Uwagi do nagrywania webinarów', NOW()),
  (194, 30, 'Aktualizacja zadania', 'Rozpoczęto testy nagrywania webinarów', NOW()),
  (195, 33, 'Usunięcie zadania', 'Dodano specyfikację SEO CMS', NOW()),
  (196, 34, 'Dodanie zadania', 'Propozycja optymalizacji SEO CMS', NOW()),
  (197, 37, 'Aktualizacja zadania', 'Rozpoczęto implementację grup czatu', NOW()),
  (198, 38, 'Usunięcie zadania', 'Dodano wyniki testów grup czatu', NOW()),
  (199, 17, 'Dodanie zadania', 'Uwagi do logowania procesów', NOW()),
  (200, 18, 'Aktualizacja zadania', 'Rozpoczęto testy logowania procesów', NOW());

-- Trigger – aktualizacja pola last_password_change w tabeli settings
DELIMITER //

CREATE TRIGGER trg_update_password_change
AFTER UPDATE ON users
FOR EACH ROW
BEGIN
    IF NEW.password <> OLD.password THEN
        UPDATE settings
        SET last_password_change = CURRENT_TIMESTAMP()
        WHERE user_id = NEW.id;
    END IF;
END//

DELIMITER ;